LevCrafter12,4544
marenda321,947
Chromeologic,908
Spectrum_2OOO,882
reecescupsx,716
lazzzt,607
thewolve_king,459
danielthepoo,387
DereXerel,325
jellycaat,316
FlipsAero,312
62tar,287
AsixnKid,285
zidanedoan2,261
Itz_Maynard,258
potatoes_killer163,247
EuropeanTruck,239
TempristIsAlbert,231
NovaForce372,211
zombiefire12345677,203
MI1ME,201
IdeoIogic,197
DaBabyisalive,191
DIP3333,184
171_d00r,184
BaldBoiHaloo,177
Desir3dChaos,173
theMeltenPlaac,171
Eggdude68,164
SMRSamirim,154
CodeGen_05,151
xAuroraDragon,140
Codered_Steel,134
elemental2free,120
ASERBYEyt,116
8BitColours,116
GoldenExousia,109
FrankMarconi,106
chaxate,103
ZaccPax2003,98
SkyAvenger159,95
MaxDeNederlander,85
DisillusionedRage,78
RB_rxload,77
sugabadle,70
ItsYaboiJeff2005,65
firebro90,64
Mayusachi,52
Catg_rls,52
gowos,51
batdoom143,48
ICannotAimPleaseHelp,43
JJackMackenzie,40
WaterAero,34
okr0si,30
AnthonyIX,30
MlgDerps,30
cocobuddy8509,29
zeknerkiv,28
Jokertycoon04,24
colosusPL,18
blackforest517,13
SnowGoId,12
xNolifer,10
Freddy5151FR,4
smellypies,2
starocracy,2
pero_dis,2
Royal_izzi,2
DaBabyissafe,2
drphilipsen,2
Lord_Basilisk,2
baseballperson233,1
Vauntedfrog,1
TaxFraudBruh,1
Mistor_Potatoe,1
SevereWeatherWatch,1
FerdOperator,1
PopularDank,1
